{
    "extractors": {}, 
    "id": "af02-41ef-8b4b", 
    "name": "iTunes Podcast Charts - United States - News Po", 
    "page_id": "", 
    "page_type": "item", 
    "plugins": {
        "annotations-plugin": {
            "extracts": [
                {
                    "annotations": {
                        "#portia-content": "#dummy"
                    }, 
                    "container_id": null, 
                    "id": "c59c-42cf-bf65#parent", 
                    "item_container": true, 
                    "repeated": false, 
                    "required": [], 
                    "schema_id": "8bb8-455d-9d15", 
                    "selector": "#itunes_result_table,#itunes_result_table > tbody", 
                    "siblings": 0, 
                    "tagid": null, 
                    "text-content": "#portia-content"
                }, 
                {
                    "annotations": {
                        "#portia-content": "#dummy"
                    }, 
                    "container_id": "c59c-42cf-bf65#parent", 
                    "id": "c59c-42cf-bf65", 
                    "item_container": true, 
                    "repeated": true, 
                    "required": [], 
                    "schema_id": "8bb8-455d-9d15", 
                    "selector": "tr:nth-child(1) > td:nth-child(2), tr:nth-child(2) > td:nth-child(2), tr:nth-child(3) > td:nth-child(2), tr:nth-child(4) > td:nth-child(2), tr:nth-child(5) > td:nth-child(2), tr:nth-child(7) > td:nth-child(2), tr:nth-child(8) > td:nth-child(2), tr:nth-child(9) > td:nth-child(2), tr:nth-child(10) > td:nth-child(2), tr:nth-child(12) > td:nth-child(2), tr:nth-child(13) > td:nth-child(2), tr:nth-child(15) > td:nth-child(2), tr:nth-child(16) > td:nth-child(2), tr:nth-child(17) > td:nth-child(2), tr:nth-child(18) > td:nth-child(2), tr:nth-child(20) > td:nth-child(2), tr:nth-child(21) > td:nth-child(2), tr:nth-child(22) > td:nth-child(2), tr:nth-child(23) > td:nth-child(2), tr:nth-child(24) > td:nth-child(2), tr:nth-child(26) > td:nth-child(2), tr:nth-child(27) > td:nth-child(2), tr:nth-child(29) > td:nth-child(2), tr:nth-child(30) > td:nth-child(2), tr:nth-child(31) > td:nth-child(2), tr:nth-child(32) > td:nth-child(2), tr:nth-child(33) > td:nth-child(2), tr:nth-child(34) > td:nth-child(2), tr:nth-child(35) > td:nth-child(2), tr:nth-child(36) > td:nth-child(2), tr:nth-child(37) > td:nth-child(2), tr:nth-child(38) > td:nth-child(2), tr:nth-child(39) > td:nth-child(2), tr:nth-child(40) > td:nth-child(2), tr:nth-child(41) > td:nth-child(2), tr:nth-child(42) > td:nth-child(2), tr:nth-child(44) > td:nth-child(2), tr:nth-child(45) > td:nth-child(2), tr:nth-child(46) > td:nth-child(2), tr:nth-child(47) > td:nth-child(2), tr:nth-child(50) > td:nth-child(2), tr:nth-child(52) > td:nth-child(2), tr:nth-child(53) > td:nth-child(2), tr:nth-child(54) > td:nth-child(2), tr:nth-child(55) > td:nth-child(2), tr:nth-child(56) > td:nth-child(2), tr:nth-child(57) > td:nth-child(2), tr:nth-child(58) > td:nth-child(2), tr:nth-child(59) > td:nth-child(2), tr:nth-child(61) > td:nth-child(2), tr:nth-child(63) > td:nth-child(2), tr:nth-child(65) > td:nth-child(2), tr:nth-child(66) > td:nth-child(2), tr:nth-child(68) > td:nth-child(2), tr:nth-child(69) > td:nth-child(2), tr:nth-child(70) > td:nth-child(2), tr:nth-child(71) > td:nth-child(2), tr:nth-child(72) > td:nth-child(2), tr:nth-child(76) > td:nth-child(2), tr:nth-child(77) > td:nth-child(2), tr:nth-child(79) > td:nth-child(2), tr:nth-child(80) > td:nth-child(2), tr:nth-child(81) > td:nth-child(2), tr:nth-child(83) > td:nth-child(2), tr:nth-child(84) > td:nth-child(2), tr:nth-child(85) > td:nth-child(2), tr:nth-child(86) > td:nth-child(2), tr:nth-child(87) > td:nth-child(2), tr:nth-child(88) > td:nth-child(2), tr:nth-child(90) > td:nth-child(2), tr:nth-child(91) > td:nth-child(2), tr:nth-child(92) > td:nth-child(2), tr:nth-child(93) > td:nth-child(2), tr:nth-child(97) > td:nth-child(2), tr:nth-child(100) > td:nth-child(2), tr:nth-child(1) > tbody > td:nth-child(2), tr:nth-child(2) > tbody > td:nth-child(2), tr:nth-child(3) > tbody > td:nth-child(2), tr:nth-child(4) > tbody > td:nth-child(2), tr:nth-child(5) > tbody > td:nth-child(2), tr:nth-child(7) > tbody > td:nth-child(2), tr:nth-child(8) > tbody > td:nth-child(2), tr:nth-child(9) > tbody > td:nth-child(2), tr:nth-child(10) > tbody > td:nth-child(2), tr:nth-child(12) > tbody > td:nth-child(2), tr:nth-child(13) > tbody > td:nth-child(2), tr:nth-child(15) > tbody > td:nth-child(2), tr:nth-child(16) > tbody > td:nth-child(2), tr:nth-child(17) > tbody > td:nth-child(2), tr:nth-child(18) > tbody > td:nth-child(2), tr:nth-child(20) > tbody > td:nth-child(2), tr:nth-child(21) > tbody > td:nth-child(2), tr:nth-child(22) > tbody > td:nth-child(2), tr:nth-child(23) > tbody > td:nth-child(2), tr:nth-child(24) > tbody > td:nth-child(2), tr:nth-child(26) > tbody > td:nth-child(2), tr:nth-child(27) > tbody > td:nth-child(2), tr:nth-child(29) > tbody > td:nth-child(2), tr:nth-child(30) > tbody > td:nth-child(2), tr:nth-child(31) > tbody > td:nth-child(2), tr:nth-child(32) > tbody > td:nth-child(2), tr:nth-child(33) > tbody > td:nth-child(2), tr:nth-child(34) > tbody > td:nth-child(2), tr:nth-child(35) > tbody > td:nth-child(2), tr:nth-child(36) > tbody > td:nth-child(2), tr:nth-child(37) > tbody > td:nth-child(2), tr:nth-child(38) > tbody > td:nth-child(2), tr:nth-child(39) > tbody > td:nth-child(2), tr:nth-child(40) > tbody > td:nth-child(2), tr:nth-child(41) > tbody > td:nth-child(2), tr:nth-child(42) > tbody > td:nth-child(2), tr:nth-child(44) > tbody > td:nth-child(2), tr:nth-child(45) > tbody > td:nth-child(2), tr:nth-child(46) > tbody > td:nth-child(2), tr:nth-child(47) > tbody > td:nth-child(2), tr:nth-child(50) > tbody > td:nth-child(2), tr:nth-child(52) > tbody > td:nth-child(2), tr:nth-child(53) > tbody > td:nth-child(2), tr:nth-child(54) > tbody > td:nth-child(2), tr:nth-child(55) > tbody > td:nth-child(2), tr:nth-child(56) > tbody > td:nth-child(2), tr:nth-child(57) > tbody > td:nth-child(2), tr:nth-child(58) > tbody > td:nth-child(2), tr:nth-child(59) > tbody > td:nth-child(2), tr:nth-child(61) > tbody > td:nth-child(2), tr:nth-child(63) > tbody > td:nth-child(2), tr:nth-child(65) > tbody > td:nth-child(2), tr:nth-child(66) > tbody > td:nth-child(2), tr:nth-child(68) > tbody > td:nth-child(2), tr:nth-child(69) > tbody > td:nth-child(2), tr:nth-child(70) > tbody > td:nth-child(2), tr:nth-child(71) > tbody > td:nth-child(2), tr:nth-child(72) > tbody > td:nth-child(2), tr:nth-child(76) > tbody > td:nth-child(2), tr:nth-child(77) > tbody > td:nth-child(2), tr:nth-child(79) > tbody > td:nth-child(2), tr:nth-child(80) > tbody > td:nth-child(2), tr:nth-child(81) > tbody > td:nth-child(2), tr:nth-child(83) > tbody > td:nth-child(2), tr:nth-child(84) > tbody > td:nth-child(2), tr:nth-child(85) > tbody > td:nth-child(2), tr:nth-child(86) > tbody > td:nth-child(2), tr:nth-child(87) > tbody > td:nth-child(2), tr:nth-child(88) > tbody > td:nth-child(2), tr:nth-child(90) > tbody > td:nth-child(2), tr:nth-child(91) > tbody > td:nth-child(2), tr:nth-child(92) > tbody > td:nth-child(2), tr:nth-child(93) > tbody > td:nth-child(2), tr:nth-child(97) > tbody > td:nth-child(2), tr:nth-child(100) > tbody > td:nth-child(2)", 
                    "siblings": 0, 
                    "tagid": null, 
                    "text-content": "#portia-content"
                }, 
                {
                    "accept_selectors": [
                        "td:nth-child(2) > a,td:nth-child(2) > tbody > a"
                    ], 
                    "container_id": "c59c-42cf-bf65", 
                    "data": {
                        "e6e6-4a03-824d": {
                            "attribute": "content", 
                            "extractors": {}, 
                            "field": "5626-4358-a276", 
                            "required": false
                        }
                    }, 
                    "id": "a7e9-4e85-b4ef", 
                    "post_text": null, 
                    "pre_text": null, 
                    "reject_selectors": [], 
                    "repeated": false, 
                    "required": [], 
                    "selection_mode": "auto", 
                    "selector": "tr:nth-child(1) > td:nth-child(2) > a,tr:nth-child(2) > td:nth-child(2) > a,tr:nth-child(3) > td:nth-child(2) > a,tr:nth-child(4) > td:nth-child(2) > a,tr:nth-child(5) > td:nth-child(2) > a,tr:nth-child(7) > td:nth-child(2) > a,tr:nth-child(8) > td:nth-child(2) > a,tr:nth-child(9) > td:nth-child(2) > a,tr:nth-child(10) > td:nth-child(2) > a,tr:nth-child(12) > td:nth-child(2) > a,tr:nth-child(13) > td:nth-child(2) > a,tr:nth-child(15) > td:nth-child(2) > a,tr:nth-child(16) > td:nth-child(2) > a,tr:nth-child(17) > td:nth-child(2) > a,tr:nth-child(18) > td:nth-child(2) > a,tr:nth-child(20) > td:nth-child(2) > a,tr:nth-child(21) > td:nth-child(2) > a,tr:nth-child(22) > td:nth-child(2) > a,tr:nth-child(23) > td:nth-child(2) > a,tr:nth-child(24) > td:nth-child(2) > a,tr:nth-child(26) > td:nth-child(2) > a,tr:nth-child(27) > td:nth-child(2) > a,tr:nth-child(29) > td:nth-child(2) > a,tr:nth-child(30) > td:nth-child(2) > a,tr:nth-child(31) > td:nth-child(2) > a,tr:nth-child(32) > td:nth-child(2) > a,tr:nth-child(33) > td:nth-child(2) > a,tr:nth-child(34) > td:nth-child(2) > a,tr:nth-child(35) > td:nth-child(2) > a,tr:nth-child(36) > td:nth-child(2) > a,tr:nth-child(37) > td:nth-child(2) > a,tr:nth-child(38) > td:nth-child(2) > a,tr:nth-child(39) > td:nth-child(2) > a,tr:nth-child(40) > td:nth-child(2) > a,tr:nth-child(41) > td:nth-child(2) > a,tr:nth-child(42) > td:nth-child(2) > a,tr:nth-child(44) > td:nth-child(2) > a,tr:nth-child(45) > td:nth-child(2) > a,tr:nth-child(46) > td:nth-child(2) > a,tr:nth-child(47) > td:nth-child(2) > a,tr:nth-child(50) > td:nth-child(2) > a,tr:nth-child(52) > td:nth-child(2) > a,tr:nth-child(53) > td:nth-child(2) > a,tr:nth-child(54) > td:nth-child(2) > a,tr:nth-child(55) > td:nth-child(2) > a,tr:nth-child(56) > td:nth-child(2) > a,tr:nth-child(57) > td:nth-child(2) > a,tr:nth-child(58) > td:nth-child(2) > a,tr:nth-child(59) > td:nth-child(2) > a,tr:nth-child(61) > td:nth-child(2) > a,tr:nth-child(63) > td:nth-child(2) > a,tr:nth-child(65) > td:nth-child(2) > a,tr:nth-child(66) > td:nth-child(2) > a,tr:nth-child(68) > td:nth-child(2) > a,tr:nth-child(69) > td:nth-child(2) > a,tr:nth-child(70) > td:nth-child(2) > a,tr:nth-child(71) > td:nth-child(2) > a,tr:nth-child(72) > td:nth-child(2) > a,tr:nth-child(76) > td:nth-child(2) > a,tr:nth-child(77) > td:nth-child(2) > a,tr:nth-child(79) > td:nth-child(2) > a,tr:nth-child(80) > td:nth-child(2) > a,tr:nth-child(81) > td:nth-child(2) > a,tr:nth-child(83) > td:nth-child(2) > a,tr:nth-child(84) > td:nth-child(2) > a,tr:nth-child(85) > td:nth-child(2) > a,tr:nth-child(86) > td:nth-child(2) > a,tr:nth-child(87) > td:nth-child(2) > a,tr:nth-child(88) > td:nth-child(2) > a,tr:nth-child(90) > td:nth-child(2) > a,tr:nth-child(91) > td:nth-child(2) > a,tr:nth-child(92) > td:nth-child(2) > a,tr:nth-child(93) > td:nth-child(2) > a,tr:nth-child(97) > td:nth-child(2) > a,tr:nth-child(100) > td:nth-child(2) > a,tr:nth-child(1) > tbody > td:nth-child(2) > a,tr:nth-child(2) > tbody > td:nth-child(2) > a,tr:nth-child(3) > tbody > td:nth-child(2) > a,tr:nth-child(4) > tbody > td:nth-child(2) > a,tr:nth-child(5) > tbody > td:nth-child(2) > a,tr:nth-child(7) > tbody > td:nth-child(2) > a,tr:nth-child(8) > tbody > td:nth-child(2) > a,tr:nth-child(9) > tbody > td:nth-child(2) > a,tr:nth-child(10) > tbody > td:nth-child(2) > a,tr:nth-child(12) > tbody > td:nth-child(2) > a,tr:nth-child(13) > tbody > td:nth-child(2) > a,tr:nth-child(15) > tbody > td:nth-child(2) > a,tr:nth-child(16) > tbody > td:nth-child(2) > a,tr:nth-child(17) > tbody > td:nth-child(2) > a,tr:nth-child(18) > tbody > td:nth-child(2) > a,tr:nth-child(20) > tbody > td:nth-child(2) > a,tr:nth-child(21) > tbody > td:nth-child(2) > a,tr:nth-child(22) > tbody > td:nth-child(2) > a,tr:nth-child(23) > tbody > td:nth-child(2) > a,tr:nth-child(24) > tbody > td:nth-child(2) > a,tr:nth-child(26) > tbody > td:nth-child(2) > a,tr:nth-child(27) > tbody > td:nth-child(2) > a,tr:nth-child(29) > tbody > td:nth-child(2) > a,tr:nth-child(30) > tbody > td:nth-child(2) > a,tr:nth-child(31) > tbody > td:nth-child(2) > a,tr:nth-child(32) > tbody > td:nth-child(2) > a,tr:nth-child(33) > tbody > td:nth-child(2) > a,tr:nth-child(34) > tbody > td:nth-child(2) > a,tr:nth-child(35) > tbody > td:nth-child(2) > a,tr:nth-child(36) > tbody > td:nth-child(2) > a,tr:nth-child(37) > tbody > td:nth-child(2) > a,tr:nth-child(38) > tbody > td:nth-child(2) > a,tr:nth-child(39) > tbody > td:nth-child(2) > a,tr:nth-child(40) > tbody > td:nth-child(2) > a,tr:nth-child(41) > tbody > td:nth-child(2) > a,tr:nth-child(42) > tbody > td:nth-child(2) > a,tr:nth-child(44) > tbody > td:nth-child(2) > a,tr:nth-child(45) > tbody > td:nth-child(2) > a,tr:nth-child(46) > tbody > td:nth-child(2) > a,tr:nth-child(47) > tbody > td:nth-child(2) > a,tr:nth-child(50) > tbody > td:nth-child(2) > a,tr:nth-child(52) > tbody > td:nth-child(2) > a,tr:nth-child(53) > tbody > td:nth-child(2) > a,tr:nth-child(54) > tbody > td:nth-child(2) > a,tr:nth-child(55) > tbody > td:nth-child(2) > a,tr:nth-child(56) > tbody > td:nth-child(2) > a,tr:nth-child(57) > tbody > td:nth-child(2) > a,tr:nth-child(58) > tbody > td:nth-child(2) > a,tr:nth-child(59) > tbody > td:nth-child(2) > a,tr:nth-child(61) > tbody > td:nth-child(2) > a,tr:nth-child(63) > tbody > td:nth-child(2) > a,tr:nth-child(65) > tbody > td:nth-child(2) > a,tr:nth-child(66) > tbody > td:nth-child(2) > a,tr:nth-child(68) > tbody > td:nth-child(2) > a,tr:nth-child(69) > tbody > td:nth-child(2) > a,tr:nth-child(70) > tbody > td:nth-child(2) > a,tr:nth-child(71) > tbody > td:nth-child(2) > a,tr:nth-child(72) > tbody > td:nth-child(2) > a,tr:nth-child(76) > tbody > td:nth-child(2) > a,tr:nth-child(77) > tbody > td:nth-child(2) > a,tr:nth-child(79) > tbody > td:nth-child(2) > a,tr:nth-child(80) > tbody > td:nth-child(2) > a,tr:nth-child(81) > tbody > td:nth-child(2) > a,tr:nth-child(83) > tbody > td:nth-child(2) > a,tr:nth-child(84) > tbody > td:nth-child(2) > a,tr:nth-child(85) > tbody > td:nth-child(2) > a,tr:nth-child(86) > tbody > td:nth-child(2) > a,tr:nth-child(87) > tbody > td:nth-child(2) > a,tr:nth-child(88) > tbody > td:nth-child(2) > a,tr:nth-child(90) > tbody > td:nth-child(2) > a,tr:nth-child(91) > tbody > td:nth-child(2) > a,tr:nth-child(92) > tbody > td:nth-child(2) > a,tr:nth-child(93) > tbody > td:nth-child(2) > a,tr:nth-child(97) > tbody > td:nth-child(2) > a,tr:nth-child(100) > tbody > td:nth-child(2) > a", 
                    "tagid": null, 
                    "text-content": "content", 
                    "xpath": "//tr[1]/td[2]//td[2]//td[2]//td[2]//td[2]//td[2]//td[2]//td[2]//td[2]//td[2]//td[2]//td[2]//td[2]//td[2]//td[2]//td[2]//td[2]//td[2]//td[2]//td[2]//td[2]//td[2]//td[2]//td[2]//td[2]//td[2]//td[2]//td[2]//td[2]//td[2]//td[2]//td[2]//td[2]//td[2]//td[2]//td[2]//td[2]//td[2]//td[2]//td[2]//td[2]//td[2]//td[2]//td[2]//td[2]//td[2]//td[2]//td[2]//td[2]//td[2]//td[2]//td[2]//td[2]//td[2]//td[2]//td[2]//td[2]//td[2]//td[2]//td[2]//td[2]//td[2]//td[2]//td[2]//td[2]//td[2]//td[2]//td[2]//td[2]//td[2]//td[2]//td[2]//td[2]//td[2]//td[2]//tbody/td[2]//tbody/td[2]//tbody/td[2]//tbody/td[2]//tbody/td[2]//tbody/td[2]//tbody/td[2]//tbody/td[2]//tbody/td[2]//tbody/td[2]//tbody/td[2]//tbody/td[2]//tbody/td[2]//tbody/td[2]//tbody/td[2]//tbody/td[2]//tbody/td[2]//tbody/td[2]//tbody/td[2]//tbody/td[2]//tbody/td[2]//tbody/td[2]//tbody/td[2]//tbody/td[2]//tbody/td[2]//tbody/td[2]//tbody/td[2]//tbody/td[2]//tbody/td[2]//tbody/td[2]//tbody/td[2]//tbody/td[2]//tbody/td[2]//tbody/td[2]//tbody/td[2]//tbody/td[2]//tbody/td[2]//tbody/td[2]//tbody/td[2]//tbody/td[2]//tbody/td[2]//tbody/td[2]//tbody/td[2]//tbody/td[2]//tbody/td[2]//tbody/td[2]//tbody/td[2]//tbody/td[2]//tbody/td[2]//tbody/td[2]//tbody/td[2]//tbody/td[2]//tbody/td[2]//tbody/td[2]//tbody/td[2]//tbody/td[2]//tbody/td[2]//tbody/td[2]//tbody/td[2]//tbody/td[2]//tbody/td[2]//tbody/td[2]//tbody/td[2]//tbody/td[2]//tbody/td[2]//tbody/td[2]//tbody/td[2]//tbody/td[2]//tbody/td[2]//tbody/td[2]//tbody/td[2]//tbody/td[2]//tbody/td[2]//tbody/td[2]//tbody/td[2]/a"
                }, 
                {
                    "accept_selectors": [
                        "tr:nth-child(1) > td:nth-child(2) > h5 > a, tr:nth-child(1) > tbody > td:nth-child(2) > h5 > a"
                    ], 
                    "container_id": "c59c-42cf-bf65", 
                    "data": {
                        "f420-436c-b7e0": {
                            "attribute": "content", 
                            "extractors": {}, 
                            "field": "41c9-4206-a34b", 
                            "required": false
                        }
                    }, 
                    "id": "fadf-4ddb-8e2e", 
                    "post_text": null, 
                    "pre_text": null, 
                    "reject_selectors": [], 
                    "repeated": false, 
                    "required": [], 
                    "selection_mode": "auto", 
                    "selector": "tr:nth-child(1) > td:nth-child(2) > h5 > a,tr:nth-child(2) > td:nth-child(2) > h5 > a,tr:nth-child(3) > td:nth-child(2) > h5 > a,tr:nth-child(4) > td:nth-child(2) > h5 > a,tr:nth-child(5) > td:nth-child(2) > h5 > a,tr:nth-child(7) > td:nth-child(2) > h5 > a,tr:nth-child(8) > td:nth-child(2) > h5 > a,tr:nth-child(9) > td:nth-child(2) > h5 > a,tr:nth-child(10) > td:nth-child(2) > h5 > a,tr:nth-child(12) > td:nth-child(2) > h5 > a,tr:nth-child(13) > td:nth-child(2) > h5 > a,tr:nth-child(15) > td:nth-child(2) > h5 > a,tr:nth-child(16) > td:nth-child(2) > h5 > a,tr:nth-child(17) > td:nth-child(2) > h5 > a,tr:nth-child(18) > td:nth-child(2) > h5 > a,tr:nth-child(20) > td:nth-child(2) > h5 > a,tr:nth-child(21) > td:nth-child(2) > h5 > a,tr:nth-child(22) > td:nth-child(2) > h5 > a,tr:nth-child(23) > td:nth-child(2) > h5 > a,tr:nth-child(24) > td:nth-child(2) > h5 > a,tr:nth-child(26) > td:nth-child(2) > h5 > a,tr:nth-child(27) > td:nth-child(2) > h5 > a,tr:nth-child(29) > td:nth-child(2) > h5 > a,tr:nth-child(30) > td:nth-child(2) > h5 > a,tr:nth-child(31) > td:nth-child(2) > h5 > a,tr:nth-child(32) > td:nth-child(2) > h5 > a,tr:nth-child(33) > td:nth-child(2) > h5 > a,tr:nth-child(34) > td:nth-child(2) > h5 > a,tr:nth-child(35) > td:nth-child(2) > h5 > a,tr:nth-child(36) > td:nth-child(2) > h5 > a,tr:nth-child(37) > td:nth-child(2) > h5 > a,tr:nth-child(38) > td:nth-child(2) > h5 > a,tr:nth-child(39) > td:nth-child(2) > h5 > a,tr:nth-child(40) > td:nth-child(2) > h5 > a,tr:nth-child(41) > td:nth-child(2) > h5 > a,tr:nth-child(42) > td:nth-child(2) > h5 > a,tr:nth-child(44) > td:nth-child(2) > h5 > a,tr:nth-child(45) > td:nth-child(2) > h5 > a,tr:nth-child(46) > td:nth-child(2) > h5 > a,tr:nth-child(47) > td:nth-child(2) > h5 > a,tr:nth-child(50) > td:nth-child(2) > h5 > a,tr:nth-child(52) > td:nth-child(2) > h5 > a,tr:nth-child(53) > td:nth-child(2) > h5 > a,tr:nth-child(54) > td:nth-child(2) > h5 > a,tr:nth-child(55) > td:nth-child(2) > h5 > a,tr:nth-child(56) > td:nth-child(2) > h5 > a,tr:nth-child(57) > td:nth-child(2) > h5 > a,tr:nth-child(58) > td:nth-child(2) > h5 > a,tr:nth-child(59) > td:nth-child(2) > h5 > a,tr:nth-child(61) > td:nth-child(2) > h5 > a,tr:nth-child(63) > td:nth-child(2) > h5 > a,tr:nth-child(65) > td:nth-child(2) > h5 > a,tr:nth-child(66) > td:nth-child(2) > h5 > a,tr:nth-child(68) > td:nth-child(2) > h5 > a,tr:nth-child(69) > td:nth-child(2) > h5 > a,tr:nth-child(70) > td:nth-child(2) > h5 > a,tr:nth-child(71) > td:nth-child(2) > h5 > a,tr:nth-child(72) > td:nth-child(2) > h5 > a,tr:nth-child(76) > td:nth-child(2) > h5 > a,tr:nth-child(77) > td:nth-child(2) > h5 > a,tr:nth-child(79) > td:nth-child(2) > h5 > a,tr:nth-child(80) > td:nth-child(2) > h5 > a,tr:nth-child(81) > td:nth-child(2) > h5 > a,tr:nth-child(83) > td:nth-child(2) > h5 > a,tr:nth-child(84) > td:nth-child(2) > h5 > a,tr:nth-child(85) > td:nth-child(2) > h5 > a,tr:nth-child(86) > td:nth-child(2) > h5 > a,tr:nth-child(87) > td:nth-child(2) > h5 > a,tr:nth-child(88) > td:nth-child(2) > h5 > a,tr:nth-child(90) > td:nth-child(2) > h5 > a,tr:nth-child(91) > td:nth-child(2) > h5 > a,tr:nth-child(92) > td:nth-child(2) > h5 > a,tr:nth-child(93) > td:nth-child(2) > h5 > a,tr:nth-child(97) > td:nth-child(2) > h5 > a,tr:nth-child(100) > td:nth-child(2) > h5 > a,tr:nth-child(1) > tbody > td:nth-child(2) > h5 > a,tr:nth-child(2) > tbody > td:nth-child(2) > h5 > a,tr:nth-child(3) > tbody > td:nth-child(2) > h5 > a,tr:nth-child(4) > tbody > td:nth-child(2) > h5 > a,tr:nth-child(5) > tbody > td:nth-child(2) > h5 > a,tr:nth-child(7) > tbody > td:nth-child(2) > h5 > a,tr:nth-child(8) > tbody > td:nth-child(2) > h5 > a,tr:nth-child(9) > tbody > td:nth-child(2) > h5 > a,tr:nth-child(10) > tbody > td:nth-child(2) > h5 > a,tr:nth-child(12) > tbody > td:nth-child(2) > h5 > a,tr:nth-child(13) > tbody > td:nth-child(2) > h5 > a,tr:nth-child(15) > tbody > td:nth-child(2) > h5 > a,tr:nth-child(16) > tbody > td:nth-child(2) > h5 > a,tr:nth-child(17) > tbody > td:nth-child(2) > h5 > a,tr:nth-child(18) > tbody > td:nth-child(2) > h5 > a,tr:nth-child(20) > tbody > td:nth-child(2) > h5 > a,tr:nth-child(21) > tbody > td:nth-child(2) > h5 > a,tr:nth-child(22) > tbody > td:nth-child(2) > h5 > a,tr:nth-child(23) > tbody > td:nth-child(2) > h5 > a,tr:nth-child(24) > tbody > td:nth-child(2) > h5 > a,tr:nth-child(26) > tbody > td:nth-child(2) > h5 > a,tr:nth-child(27) > tbody > td:nth-child(2) > h5 > a,tr:nth-child(29) > tbody > td:nth-child(2) > h5 > a,tr:nth-child(30) > tbody > td:nth-child(2) > h5 > a,tr:nth-child(31) > tbody > td:nth-child(2) > h5 > a,tr:nth-child(32) > tbody > td:nth-child(2) > h5 > a,tr:nth-child(33) > tbody > td:nth-child(2) > h5 > a,tr:nth-child(34) > tbody > td:nth-child(2) > h5 > a,tr:nth-child(35) > tbody > td:nth-child(2) > h5 > a,tr:nth-child(36) > tbody > td:nth-child(2) > h5 > a,tr:nth-child(37) > tbody > td:nth-child(2) > h5 > a,tr:nth-child(38) > tbody > td:nth-child(2) > h5 > a,tr:nth-child(39) > tbody > td:nth-child(2) > h5 > a,tr:nth-child(40) > tbody > td:nth-child(2) > h5 > a,tr:nth-child(41) > tbody > td:nth-child(2) > h5 > a,tr:nth-child(42) > tbody > td:nth-child(2) > h5 > a,tr:nth-child(44) > tbody > td:nth-child(2) > h5 > a,tr:nth-child(45) > tbody > td:nth-child(2) > h5 > a,tr:nth-child(46) > tbody > td:nth-child(2) > h5 > a,tr:nth-child(47) > tbody > td:nth-child(2) > h5 > a,tr:nth-child(50) > tbody > td:nth-child(2) > h5 > a,tr:nth-child(52) > tbody > td:nth-child(2) > h5 > a,tr:nth-child(53) > tbody > td:nth-child(2) > h5 > a,tr:nth-child(54) > tbody > td:nth-child(2) > h5 > a,tr:nth-child(55) > tbody > td:nth-child(2) > h5 > a,tr:nth-child(56) > tbody > td:nth-child(2) > h5 > a,tr:nth-child(57) > tbody > td:nth-child(2) > h5 > a,tr:nth-child(58) > tbody > td:nth-child(2) > h5 > a,tr:nth-child(59) > tbody > td:nth-child(2) > h5 > a,tr:nth-child(61) > tbody > td:nth-child(2) > h5 > a,tr:nth-child(63) > tbody > td:nth-child(2) > h5 > a,tr:nth-child(65) > tbody > td:nth-child(2) > h5 > a,tr:nth-child(66) > tbody > td:nth-child(2) > h5 > a,tr:nth-child(68) > tbody > td:nth-child(2) > h5 > a,tr:nth-child(69) > tbody > td:nth-child(2) > h5 > a,tr:nth-child(70) > tbody > td:nth-child(2) > h5 > a,tr:nth-child(71) > tbody > td:nth-child(2) > h5 > a,tr:nth-child(72) > tbody > td:nth-child(2) > h5 > a,tr:nth-child(76) > tbody > td:nth-child(2) > h5 > a,tr:nth-child(77) > tbody > td:nth-child(2) > h5 > a,tr:nth-child(79) > tbody > td:nth-child(2) > h5 > a,tr:nth-child(80) > tbody > td:nth-child(2) > h5 > a,tr:nth-child(81) > tbody > td:nth-child(2) > h5 > a,tr:nth-child(83) > tbody > td:nth-child(2) > h5 > a,tr:nth-child(84) > tbody > td:nth-child(2) > h5 > a,tr:nth-child(85) > tbody > td:nth-child(2) > h5 > a,tr:nth-child(86) > tbody > td:nth-child(2) > h5 > a,tr:nth-child(87) > tbody > td:nth-child(2) > h5 > a,tr:nth-child(88) > tbody > td:nth-child(2) > h5 > a,tr:nth-child(90) > tbody > td:nth-child(2) > h5 > a,tr:nth-child(91) > tbody > td:nth-child(2) > h5 > a,tr:nth-child(92) > tbody > td:nth-child(2) > h5 > a,tr:nth-child(93) > tbody > td:nth-child(2) > h5 > a,tr:nth-child(97) > tbody > td:nth-child(2) > h5 > a,tr:nth-child(100) > tbody > td:nth-child(2) > h5 > a", 
                    "tagid": null, 
                    "text-content": "content", 
                    "xpath": "//tr[1]/td[2]/h5//td[2]/h5//td[2]/h5//td[2]/h5//td[2]/h5//td[2]/h5//td[2]/h5//td[2]/h5//td[2]/h5//td[2]/h5//td[2]/h5//td[2]/h5//td[2]/h5//td[2]/h5//td[2]/h5//td[2]/h5//td[2]/h5//td[2]/h5//td[2]/h5//td[2]/h5//td[2]/h5//td[2]/h5//td[2]/h5//td[2]/h5//td[2]/h5//td[2]/h5//td[2]/h5//td[2]/h5//td[2]/h5//td[2]/h5//td[2]/h5//td[2]/h5//td[2]/h5//td[2]/h5//td[2]/h5//td[2]/h5//td[2]/h5//td[2]/h5//td[2]/h5//td[2]/h5//td[2]/h5//td[2]/h5//td[2]/h5//td[2]/h5//td[2]/h5//td[2]/h5//td[2]/h5//td[2]/h5//td[2]/h5//td[2]/h5//td[2]/h5//td[2]/h5//td[2]/h5//td[2]/h5//td[2]/h5//td[2]/h5//td[2]/h5//td[2]/h5//td[2]/h5//td[2]/h5//td[2]/h5//td[2]/h5//td[2]/h5//td[2]/h5//td[2]/h5//td[2]/h5//td[2]/h5//td[2]/h5//td[2]/h5//td[2]/h5//td[2]/h5//td[2]/h5//td[2]/h5//td[2]/h5//td[2]/h5//tbody/td[2]/h5//tbody/td[2]/h5//tbody/td[2]/h5//tbody/td[2]/h5//tbody/td[2]/h5//tbody/td[2]/h5//tbody/td[2]/h5//tbody/td[2]/h5//tbody/td[2]/h5//tbody/td[2]/h5//tbody/td[2]/h5//tbody/td[2]/h5//tbody/td[2]/h5//tbody/td[2]/h5//tbody/td[2]/h5//tbody/td[2]/h5//tbody/td[2]/h5//tbody/td[2]/h5//tbody/td[2]/h5//tbody/td[2]/h5//tbody/td[2]/h5//tbody/td[2]/h5//tbody/td[2]/h5//tbody/td[2]/h5//tbody/td[2]/h5//tbody/td[2]/h5//tbody/td[2]/h5//tbody/td[2]/h5//tbody/td[2]/h5//tbody/td[2]/h5//tbody/td[2]/h5//tbody/td[2]/h5//tbody/td[2]/h5//tbody/td[2]/h5//tbody/td[2]/h5//tbody/td[2]/h5//tbody/td[2]/h5//tbody/td[2]/h5//tbody/td[2]/h5//tbody/td[2]/h5//tbody/td[2]/h5//tbody/td[2]/h5//tbody/td[2]/h5//tbody/td[2]/h5//tbody/td[2]/h5//tbody/td[2]/h5//tbody/td[2]/h5//tbody/td[2]/h5//tbody/td[2]/h5//tbody/td[2]/h5//tbody/td[2]/h5//tbody/td[2]/h5//tbody/td[2]/h5//tbody/td[2]/h5//tbody/td[2]/h5//tbody/td[2]/h5//tbody/td[2]/h5//tbody/td[2]/h5//tbody/td[2]/h5//tbody/td[2]/h5//tbody/td[2]/h5//tbody/td[2]/h5//tbody/td[2]/h5//tbody/td[2]/h5//tbody/td[2]/h5//tbody/td[2]/h5//tbody/td[2]/h5//tbody/td[2]/h5//tbody/td[2]/h5//tbody/td[2]/h5//tbody/td[2]/h5//tbody/td[2]/h5//tbody/td[2]/h5//tbody/td[2]/h5//tbody/td[2]/h5/a"
                }
            ]
        }
    }, 
    "scrapes": "8bb8-455d-9d15", 
    "spider": "podcast.okihika.com", 
    "url": "https://podcast.okihika.com/US/1311", 
    "version": "0.13.1"
}