{
    "8bb8-455d-9d15": {
        "fields": {
            "1844-460f-90de": {
                "id": "1844-460f-90de", 
                "name": "image", 
                "required": false, 
                "type": "image", 
                "vary": false
            }, 
            "5626-4358-a276": {
                "id": "5626-4358-a276", 
                "name": "by", 
                "required": false, 
                "type": "text", 
                "vary": false
            }, 
            "41c9-4206-a34b": {
                "id": "41c9-4206-a34b", 
                "name": "name", 
                "required": false, 
                "type": "text", 
                "vary": false
            }
        }, 
        "name": "iTunes Podcast Charts - United States - News Po"
    }
}